uid,error
06001,2.19722457734
06007,-0.69314718056
06013,2.30258509299
06023,0.610909082323
06045,-0.69314718056
06089,-1.60943791243
06093,-2.19722457734
06097,-0.69314718056
06103,-0.69314718056
06105,0.405465108108
06113,2.99573227355
41011,-1.38629436112
41015,2.59026716545
41019,0.788457360364
41029,0.100083458557
41033,-5.90808293817
41035,-0.69314718056
41039,-1.60943791243
41047,-0.69314718056
51680,2.30258509299