uid,error
04019,2.63905732962
06019,-1.60943791243
06029,0.810930216216
06037,3.62434093298
06051,5.84932477995
06059,2.99573227355
06065,1.09861228867
06067,1.09861228867
06071,2.83321334406
06073,1.79175946923
06083,1.09861228867
06107,-6.30078579466
06111,2.30258509299
32003,0.69314718056
32005,1.09861228867
32017,1.79175946923
32023,1.73460105539
38055,1.09861228867