uid,error
04019,1.94591014906
06007,-0.69314718056
06011,1.09861228867
06023,1.38629436112
06035,-1.58923520512
06037,2.56494935746
06053,2.07944154168
06073,0.69314718056
06075,0.69314718056
06081,1.38629436112
06087,1.09861228867
06089,2.75684036527
06093,4.66343909411
06095,0.69314718056
06103,2.48490664979
06115,1.79175946923
16001,2.19722457734
32019,1.79175946923
32031,-2.3978952728
41029,0.287682072452
41035,3.295836866
41037,3.33220451018
53077,2.77258872224