uid,error
06001,1.79175946923
06007,-0.69314718056
06013,2.8903717579
06017,-0.69314718056
06037,2.07944154168
06045,1.09861228867
06057,-1.16385281054
06061,0.69314718056
06063,2.0541237337
06067,1.2527629685
06071,1.94591014906
06081,2.56494935746
06085,2.07944154168
06089,1.09861228867
06101,1.79175946923
06115,2.56494935746
32031,5.55295958492
32510,-0.69314718056