uid,error
08003,1.09861228867
08005,-0.69314718056
08007,1.60943791243
08009,-2.07944154168
08017,-1.38629436112
08025,0.0870113769896
08031,1.60943791243
08041,-2.48490664979
08059,1.94591014906
08061,-0.117783035656
08063,-0.69314718056
08071,-2.77258872224
08073,1.09861228867
08089,-0.510825623766
08099,1.7197859696
08101,-0.342944751127
20071,1.38629436112
20075,-1.09861228867
20187,-1.09861228867
20189,1.38629436112
48439,1.09861228867