uid,error
06037,1.09861228867
08001,3.85014760171
08005,4.02535169074
08013,0.926762031741
08015,1.60943791243
08031,4.15328709786
08035,2.59026716545
08037,2.7080502011
08041,0.287682072452
08047,-1.3329238306
08049,2.83321334406
08051,1.38629436112
08059,-0.468617078563
08069,1.20397280433
08077,1.09861228867
08093,1.38629436112
08101,1.38629436112
08117,3.93834031375
08123,1.09861228867
17031,1.94591014906
20051,1.94591014906
29189,2.07944154168
34023,1.38629436112
42029,2.30258509299