uid,error
08001,2.30258509299
08003,-0.351605938435
08005,1.60943791243
08007,1.09861228867
08021,1.29098418132
08027,-0.69314718056
08031,1.60943791243
08041,1.09861228867
08043,-0.69314718056
08055,-1.8458266905
08071,0.916290731874
08093,1.60943791243
08101,-1.79175946923
08109,2.3978952728
08119,2.63905732962
31055,1.09861228867
35001,1.38629436112
35007,-1.09861228867
35055,0.271933715484
48201,1.09861228867