uid,error
08001,1.09861228867
08005,-0.69314718056
08011,2.07944154168
08035,-0.69314718056
08041,0.143100843641
08043,1.38629436112
08061,1.79175946923
08073,2.3978952728
08089,-0.0832763402406
08101,-0.273888750319
08123,1.94591014906
20119,1.38629436112
56015,1.60943791243