uid,error
06037,1.60943791243
06109,1.79175946923
08003,-1.79175946923
08023,1.09861228867
08031,1.79175946923
08041,2.15176220326
08043,-0.679831404584
08055,0.182321556794
08101,2.2948630469
08109,-0.69314718056
08119,-0.69314718056
13021,1.09861228867
20005,1.60943791243
20121,1.38629436112
35045,1.79175946923
41051,1.60943791243
49035,1.38629436112