uid,error
04021,1.38629436112
04025,1.09861228867
08001,1.09861228867
08007,1.09861228867
08029,-0.69314718056
08037,1.09861228867
08067,1.22377543162
08077,0.405465108108
08083,1.15643185956
08085,-1.29928298413
08113,-1.14833572402
35031,1.60943791243
35045,1.09861228867
49019,2.30258509299
49037,2.7080502011