uid,error
06075,1.38629436112
08001,3.80666248977
08005,3.65065824129
08013,0.185510427448
08019,-3.81432536252
08031,4.02535169074
08035,2.48490664979
08037,1.60943791243
08049,2.94443897917
08059,3.31131106259
08069,-0.69314718056
08093,1.38629436112
08107,1.79175946923
08117,2.63905732962
08123,2.63905732962
55029,1.09861228867
56021,2.83321334406