uid,error
08001,1.09861228867
08005,0.69314718056
08031,1.09861228867
08049,1.20397280433
08069,1.46633706879
08107,-2.00533356953
08123,1.09861228867
35003,1.38629436112
56001,2.19722457734
56021,1.38629436112
56037,2.07944154168