uid,error
06037,2.07944154168
06085,1.09861228867
08003,1.79175946923
08007,1.09861228867
08041,1.09861228867
08051,1.09861228867
08053,-3.49650756147
08067,-0.69314718056
08105,0.279584862219