uid,error
08001,2.7080502011
08005,2.19722457734
08011,1.09861228867
08013,1.09861228867
08017,0.223143551314
08025,-0.451985123743
08031,3.09104245336
08035,2.3978952728
08039,-1.88497759806
08041,0.722134717433
08055,1.09861228867
08059,2.94443897917
08063,1.16315080981
08069,1.60943791243
08089,1.09861228867
08115,1.09861228867
08121,1.09861228867
08123,0.69314718056
12031,1.60943791243
20091,1.38629436112
29189,1.09861228867
31153,1.09861228867
46079,1.09861228867