uid,error
04013,1.09861228867
06065,1.38629436112
08001,2.48490664979
08013,-0.69314718056
08029,0.69314718056
08031,1.60943791243
08037,1.8718021769
08045,-1.18958406687
08067,2.8903717579
08077,-0.69314718056
08081,2.59856596826
08085,-0.69314718056
08097,2.77258872224
08101,1.09861228867
08107,0.916290731874
32007,1.94591014906
49007,1.09861228867
49015,1.38629436112
49047,1.2527629685
56007,2.30258509299
56041,1.09861228867