uid,error
04013,1.79175946923
08029,1.09861228867
08053,-3.78418963392
08067,1.79175946923
08077,2.19722457734
08085,1.60943791243
08091,-3.13549421593
16001,1.38629436112
17031,1.09861228867
17139,1.09861228867