uid,error
04003,1.79175946923
04013,1.09861228867
04027,1.38629436112
08001,-0.519875459286
08005,0.788457360364
08031,1.38629436112
08035,1.79175946923
08041,1.38629436112
08059,1.09861228867
08069,1.60943791243
08073,2.48490664979
08075,1.47247205736
08087,-1.05009531122
08097,1.09861228867
08115,1.38629436112
08123,2.07944154168
08125,2.26266848559
32003,1.09861228867
35001,1.09861228867
48431,1.60943791243