uid,error
12011,2.67414864943
12015,-3.76120011569
12021,3.38439026335
12027,-2.99573227355
12031,2.19722457734
12051,2.54890623262
12053,2.19722457734
12055,-3.22234805058
12057,2.35137525716
12071,4.2341065046
12085,-1.73460105539
12086,3.51154543883
12087,1.09861228867
12093,2.45152742771
12095,1.38629436112
12099,1.81237875643
12103,1.09861228867
12111,2.80336038091
13035,2.30258509299
28043,2.30258509299
41051,0.69314718056
47157,0.69314718056