uid,error
01069,-1.09861228867
12039,-0.69314718056
12073,-1.09861228867
13037,1.02450431651
13071,0.287682072452
13087,2.77258872224
13095,1.85673192398
13099,2.73002910782
13121,1.94591014906
13131,1.8458266905
13177,1.89711998489
13201,1.04731899428
13205,-1.51045607889
13243,1.2527629685
13253,-0.69314718056
13273,1.09861228867
13275,1.8458266905
13321,-0.69314718056
47065,2.8903717579
55079,2.56494935746