uid,error
13021,1.38629436112
13059,1.60943791243
13067,1.60943791243
13073,0.405465108108
13121,1.09861228867
13133,2.30258509299
13141,0.336472236621
13163,0.153204158223
13167,1.38629436112
13175,2.19722457734
13189,1.42042736749
13237,1.09861228867
13245,2.87437141655
13265,-0.69314718056
13301,-1.41684480532
13303,2.10587479875
13317,1.79175946923
37021,2.19722457734
45003,1.8718021769
45013,1.79175946923
45065,1.79175946923