uid,error
01001,1.60943791243
01005,2.27991629318
01011,-0.69314718056
01045,-0.69314718056
01067,-1.60943791243
01069,-0.69314718056
01101,1.94591014906
01113,0.0800427076735
12057,2.19722457734
13037,1.2527629685
13053,-0.69314718056
13061,-1.56397553836
13081,1.60943791243
13095,2.30258509299
13099,0.69314718056
13201,1.60943791243
13215,0.287682072452
13243,-2.58641359613
13259,-1.81915844342
13273,0.916290731874
13285,1.60943791243
13307,-0.69314718056