uid,error
13057,1.60943791243
13059,3.17805383035
13073,-1.60943791243
13089,1.38629436112
13105,1.09861228867
13113,1.09861228867
13121,1.38629436112
13133,1.06179831555
13139,1.38629436112
13141,-1.09861228867
13181,-0.69314718056
13211,2.19722457734
13219,-0.69314718056
13221,0.223143551314
13237,1.29928298413
13245,2.19722457734
13301,-3.58604100789
13303,2.07944154168
13317,2.21784386454
45003,1.09861228867