uid,error
05119,1.09861228867
06071,0.69314718056
08085,1.09861228867
16001,1.94591014906
16017,1.38629436112
16021,1.09861228867
16055,1.13845819722
16057,-2.55357267048
16069,1.79175946923
16079,2.98315349135
30047,1.60943791243
41009,1.09861228867
46099,1.09861228867
53001,1.94591014906
53033,-0.69314718056
53063,1.44947326274
53071,1.09861228867
53075,3.25809653802