uid,error
06037,2.7080502011
12095,1.94591014906
16009,2.48490664979
16017,-0.23606283282
16055,0.405465108108
16065,1.94591014906
16069,2.77258872224
30029,-0.69314718056
30053,-0.69314718056
35015,1.09861228867
36091,1.79175946923
49035,1.60943791243
49053,1.79175946923
53033,1.38629436112
53047,1.79175946923
53051,-3.13549421593
53061,2.19722457734
53063,1.09861228867
53065,-3.17805383035
56021,1.94591014906
56029,1.38629436112