uid,error
05085,1.38629436112
16001,1.09861228867
16005,0.916290731874
16011,0.367724780125
16013,0.587786664902
16019,3.70540875607
16037,3.55534806149
16051,-2.85263142991
16065,-0.69314718056
16067,-1.09861228867
16071,1.09861228867
16083,1.94591014906
29189,1.09861228867
49035,1.60943791243
49057,1.09861228867
53005,1.94591014906
53033,1.38629436112