uid,error
06111,0.69314718056
16001,0.916290731874
16013,4.38202663467
16039,-5.25749537203
16047,1.29928298413
16051,1.09861228867
16053,0.69314718056
16063,2.19722457734
16083,1.94591014906
49035,1.09861228867
53067,1.09861228867