uid,error
16001,0.69314718056
16019,2.1400661635
16037,1.94591014906
16043,-1.09861228867
16051,-0.225956492691
16065,-0.69314718056