uid,error
06059,2.56494935746
06077,2.07944154168
16005,-1.30173697309
16007,1.79175946923
16031,1.2527629685
16041,-3.90533401728
16077,-1.09861228867
49003,4.94164242261
49005,0.990398704028
49011,3.02042488614
49035,1.94591014906
49049,2.48490664979
49057,1.28093384546