uid,error
20033,0.336472236621
20047,-0.69314718056
20055,1.60943791243
20057,1.53840213932
20069,0.405465108108
20097,1.50407739678
20113,1.09861228867
20119,-2.80940269536
20151,1.79175946923
20173,1.94591014906
20209,1.09861228867
39017,1.38629436112
39049,1.38629436112
40007,1.2527629685
40059,-2.99573227355
40151,-0.69314718056
40153,-0.69314718056
48355,1.60943791243