uid,error
20007,-1.60943791243
20025,1.07880966137
20047,1.09861228867
20057,1.60943791243
20097,-0.729079189786
20151,-1.38629436112
20155,-0.69314718056
20173,1.09861228867
20177,1.09861228867
31131,1.09861228867
40059,-1.60943791243
40109,1.60943791243
40151,-1.94591014906
40153,-0.69314718056
48201,2.07944154168
56021,1.09861228867