uid,error
05143,1.09861228867
06037,1.09861228867
08013,1.38629436112
20001,1.38629436112
20015,1.0498221245
20019,-4.2938782479
20035,1.87877084622
20037,1.09861228867
20073,0.976509591867
20077,0.69314718056
20095,1.09861228867
20099,0.405465108108
20111,1.60943791243
20115,3.295836866
20125,0.990398704028
20133,-0.69314718056
20161,1.79175946923
20173,3.82136863716
20205,-1.08298697077
20207,1.60943791243
40017,1.60943791243
40071,-0.69314718056
40113,-0.69314718056
40147,-1.09861228867