uid,error
20007,-0.69314718056
20009,1.09861228867
20033,-0.69314718056
20051,1.38629436112
20055,0.69314718056
20057,1.30715704056
20083,1.38629436112
20095,1.09861228867
20097,-0.182321556794
20137,1.09861228867
20145,-1.22834861032
20149,1.09861228867
20151,1.22377543162
20155,-0.510825623766
20165,1.2527629685
20173,1.29928298413
20175,0.69314718056
20177,2.07944154168
20185,-0.0833816089391
20189,0.69314718056
20193,1.09861228867
20209,1.60943791243
48113,1.09861228867
48201,0.69314718056