uid,error
08061,1.38629436112
08099,-0.287682072452
20055,-0.69314718056
20057,1.09861228867
20067,1.79175946923
20075,0.847297860387
20093,-1.60943791243
20099,0.69314718056
20109,-0.69314718056
20151,1.09861228867
20171,0.69314718056
20181,1.09861228867
20191,1.38629436112
20199,0.69314718056
20203,-0.965080896044
48117,1.09861228867