uid,error
08011,1.09861228867
08099,-0.998528830111
20055,1.33500106673
20057,1.60943791243
20067,1.09861228867
20071,1.09861228867
20081,1.94591014906
20093,-0.901901994422
20129,-0.69314718056
20155,1.09861228867
20173,1.09861228867
20187,-0.318453731119
20193,0.69314718056
20199,2.19722457734
20203,-0.69314718056
31055,1.09861228867
36029,1.94591014906
40109,0.69314718056