uid,error
01045,1.09861228867
05119,1.09861228867
08099,-0.69314718056
20055,1.69561560868
20057,0.773189888233
20067,-1.21594899537
20069,1.63141681915
20093,1.2527629685
20109,0.69314718056
20119,-0.69314718056
20129,2.7080502011
20173,-0.69314718056
20175,0.113328685307
20187,1.79175946923
20189,1.70474809224
20193,1.09861228867
40007,0.405465108108
40013,1.09861228867
40109,1.09861228867
40139,-0.69314718056
48341,1.38629436112