uid,error
20007,1.60943791243
20009,0.69314718056
20029,0.980829253012
20041,-0.69314718056
20051,0.405465108108
20053,0.451985123743
20111,1.60943791243
20123,-1.71269094575
20141,1.50407739678
20143,0.164303051291
20155,-0.69314718056
20159,-1.09861228867
20161,-0.69314718056
20167,1.31824089787
20169,1.56523181993
20173,-0.69314718056
31111,1.09861228867
31157,1.09861228867
31169,0.69314718056
48113,1.94591014906