uid,error
08061,0.69314718056
20051,1.38629436112
20055,0.550046336919
20057,0.916290731874
20063,0.154150679827
20069,0.69314718056
20071,1.09861228867
20093,1.60943791243
20135,0.762140052047
20165,1.38629436112
20171,-0.681451140797
20177,1.94591014906
20193,1.09861228867