uid,error
20009,2.07944154168
20047,-0.69314718056
20051,0.653926467407
20055,-0.510825623766
20057,2.52572864431
20063,0.405465108108
20067,1.09861228867
20069,2.30258509299
20083,-1.8405496334
20101,-1.32175583998
20137,1.09861228867
20145,-0.441832752279
20151,1.09861228867
20155,1.09861228867
20165,0.496436886314
20167,1.38629436112
20171,0.405465108108
20179,1.09861228867
20181,1.09861228867
20195,-0.302280871873
20199,1.09861228867
48139,1.09861228867
48399,1.09861228867