uid,error
08063,0.69314718056
08125,-0.69314718056
19153,1.09861228867
20009,1.60943791243
20023,1.38629436112
20039,1.58412010445
20109,0.69314718056
20137,0.405465108108
20179,-0.69314718056
20193,0.333773179652
31001,1.60943791243
31029,-0.69314718056
31041,1.38629436112
31063,-0.69314718056
31065,-0.69314718056
31087,-4.5538768916
31111,-0.69314718056
31145,0.470003629246
36047,1.60943791243
36061,2.19722457734
56021,0.69314718056