uid,error
20039,-0.916290731874
20051,0.69314718056
20055,-0.69314718056
20057,1.60943791243
20063,0.884202417323
20065,-1.50818417873
20091,0.69314718056
20109,2.23359222151
20137,0.117783035656
20147,-0.69314718056
20153,1.09861228867
20163,-1.09861228867
20167,1.60943791243
20171,-0.69314718056
20193,1.34184259855
20195,-1.38629436112
20203,1.09861228867
31065,-0.69314718056
31145,-1.09861228867
40109,1.09861228867