uid,error
08017,0.405465108108
08063,0.287682072452
08099,-0.69314718056
20055,0.405465108108
20071,1.83258146375
20109,1.09861228867
20125,1.09861228867
20171,-0.69314718056
20181,-1.0498221245
20203,1.67397643357
29510,1.38629436112
40143,1.38629436112
56015,1.09861228867