uid,error
08099,-0.69314718056
20055,0.287682072452
20069,1.38629436112
20071,1.13497993284
20075,-1.09861228867
20093,-0.810930216216
20109,-1.01160091168
20171,-0.171850256927
20175,1.38629436112
20193,-0.69314718056
20199,0.69314718056
30099,1.09861228867