uid,error
09015,2.7080502011
12099,2.19722457734
13121,2.07944154168
25001,-1.17007125265
25007,-3.89182029811
25017,2.07944154168
25023,-1.09861228867
25025,2.83321334406
27003,1.79175946923
34001,1.94591014906
36061,2.19722457734