uid,error
26003,-0.69314718056
26041,-0.69314718056
26043,0.405465108108
26053,0.405465108108
26061,0.0191944472561
26071,-0.69314718056
26103,-1.46633706879
26131,-1.60943791243
39095,1.09861228867
51700,1.09861228867
55009,1.94591014906
55075,0.69314718056
55125,-0.69314718056