uid,error
26053,-1.09861228867
26061,-1.09861228867
26131,-4.1743872699
27003,2.07944154168
27037,2.19722457734
27053,3.58351893846
27075,-0.105360515658
27123,2.30258509299
27137,1.09861228867
46099,1.09861228867
55003,-2.30258509299
55007,-1.60943791243
55031,2.8903717579
55051,-0.69314718056