uid,error
05017,-0.69314718056
13121,1.94591014906
22033,1.38629436112
22035,-0.69314718056
22071,2.30258509299
22123,-0.69314718056
28007,-0.69314718056
28011,-1.38629436112
28015,-1.09861228867
28021,1.79175946923
28043,2.56494935746
28049,1.85238409104
28051,-3.14336827236
28083,1.28093384546
28089,0.241162056817
28097,-0.69314718056
28099,1.09861228867
28121,2.3978952728
28125,-1.89589972848
28133,3.48294803168
28149,1.2527629685
28151,-0.367724780125
28163,1.8458266905
47157,1.09861228867