uid,error
05033,1.94591014906
05035,1.20397280433
05077,-3.43398720449
05107,-1.09861228867
05123,-1.09861228867
17031,1.60943791243
21093,2.94443897917
22055,3.13549421593
28027,2.19722457734
28033,0.185142433136
28049,1.09861228867
28071,1.09861228867
28107,-0.916290731874
28119,1.94591014906
28137,-2.10861703081
29031,2.07944154168
47157,3.11104312006