uid,error
09001,1.09861228867
16011,-0.69314718056
16013,-0.69314718056
16019,0.405465108108
16033,-0.69314718056
16043,-0.69314718056
16047,1.60943791243
16051,0.405465108108
16059,-2.48490664979
16065,-0.69314718056
16083,1.09861228867
25005,2.48490664979
30023,0.847297860387
30031,-0.441832752279
30043,0.875468737354
30057,-0.604593783219
30063,1.50407739678
30067,-0.69314718056
30077,2.30258509299
30081,0.405465108108
30093,0.283362411307
49011,2.56494935746
49035,3.21887582487