uid,error
06037,1.09861228867
30017,0.69314718056
30021,1.09861228867
30025,0.510825623766
30075,-0.575364144904
30087,1.94591014906
30111,1.09861228867
38011,-1.60943791243
46019,0.287682072452
46063,-1.12601126286
46081,1.09861228867
50025,1.09861228867
56005,0.69314718056
56011,1.09861228867