uid,error
30049,0.69314718056
30085,-1.46633706879
30091,1.8458266905
30105,0.980829253012
30111,1.60943791243
38101,0.69314718056
38105,0.405465108108
49049,1.38629436112