uid,error
08001,1.09861228867
30009,0.69314718056
30065,-0.773189888233
30095,-2.30258509299
30107,-1.33500106673
30111,2.37748640117
48113,0.69314718056
56007,1.09861228867