uid,error
06037,1.09861228867
06097,0.69314718056
08037,1.38629436112
17165,1.79175946923
28131,1.09861228867
30013,1.09861228867
30023,-1.38629436112
30029,1.38629436112
30031,1.79175946923
30043,2.07944154168
30049,2.35137525716
30063,2.3978952728
30071,1.09861228867
30077,0.0984400728133
30081,-2.07944154168
30087,0.69314718056
30093,2.91777073208
41051,1.09861228867
53033,1.38629436112
53053,1.38629436112