uid,error
19155,1.79175946923
30005,1.09861228867
30013,0.69314718056
30015,-0.69314718056
30031,0.69314718056
30041,0.600773860429
30049,0.69314718056
30073,1.50407739678
30099,-0.69314718056
30101,-0.952008814476
30111,1.09861228867
56025,1.09861228867