uid,error
04013,1.09861228867
30017,-0.405465108108
30019,1.09861228867
30021,-2.30881564274
30025,1.38629436112
30049,1.09861228867
30083,-1.04145387483
30085,3.03769647265
30087,-0.69314718056
30091,-0.69314718056
30105,1.60943791243
30111,0.405465108108
38105,-0.69314718056
56005,1.38629436112