uid,error
06067,1.09861228867
18157,1.09861228867
30007,-1.11300102612
30013,-0.287682072452
30023,1.38629436112
30031,1.94591014906
30041,1.09861228867
30045,-2.19722457734
30049,2.3978952728
30067,1.09861228867
30107,0.773189888233
30111,2.63905732962
46099,1.09861228867
53033,1.79175946923