uid,error
19147,1.09861228867
30017,2.0243817645
30021,-1.32779815444
30027,1.09861228867
30055,1.94591014906
30087,-0.69314718056
30111,1.09861228867
38035,1.09861228867
53033,1.79175946923