uid,error
06099,1.94591014906
08031,2.56494935746
16055,1.38629436112
30013,0.595983432106
30015,2.30258509299
30029,-1.79175946923
30031,1.94591014906
30035,0.641853886172
30041,1.09861228867
30047,-0.69314718056
30049,-0.287682072452
30051,-1.79175946923
30063,-1.09861228867
30099,-2.51567830845
30101,0.658055860749
32003,1.79175946923
38035,1.94591014906
53063,-0.69314718056