uid,error
06101,1.09861228867
30005,-0.562785362697
30007,1.60943791243
30013,2.1400661635
30015,-0.69314718056
30021,-0.69314718056
30027,-2.3978952728
30033,-1.09861228867
30041,0.251314428281
30065,-0.69314718056
30069,-0.69314718056
30085,0.69314718056
30087,-0.69314718056
30101,1.09861228867
30105,0.622529613346
30111,0.810930216216
46103,1.38629436112