uid,error
30019,1.2527629685
30021,0.405465108108
30033,1.09861228867
30041,0.69314718056
30063,2.07944154168
30071,1.38629436112
30083,-0.405465108108
30085,-0.619039208406
30101,1.60943791243
30105,-0.69314718056
38023,0.559615787935
38053,1.60943791243
38101,-1.09861228867
38105,-1.01160091168
46069,1.09861228867
56019,1.09861228867