uid,error
27131,1.09861228867
30011,1.09861228867
30021,0.0500104205747
30025,0.510825623766
30079,0.405465108108
30083,0.559615787935
30085,1.09861228867
32031,1.09861228867
38007,-0.69314718056
38015,1.09861228867
38033,-0.332133835023
38053,-0.69314718056
38089,0.510825623766
56007,2.19722457734
56009,1.09861228867