uid,error
04013,1.09861228867
20103,1.38629436112
30013,0.287682072452
30015,-1.09861228867
30025,1.94591014906
30027,1.60943791243
30035,0.405465108108
30041,-1.29928298413
30049,0.916290731874
30051,-0.781700577901
30061,1.79175946923
30063,1.38629436112
30071,1.79175946923
30073,-0.621173680935
30099,0.318453731119
30111,1.60943791243
41067,1.94591014906
51013,1.38629436112
53073,1.38629436112
56025,0.69314718056