uid,error
06089,0.69314718056
18157,0.69314718056
30003,0.69314718056
30007,-0.69314718056
30013,0.916290731874
30031,0.69314718056
30037,-2.75153531304
30041,0.69314718056
30045,-3.76120011569
30049,1.60943791243
30059,2.2129729343
30063,0.69314718056
30065,0.916290731874
30067,-1.09861228867
30077,0.69314718056
30095,-1.60943791243
30097,-0.133531392625
30111,1.5260563035
41059,1.09861228867
53061,1.09861228867
56025,1.09861228867