uid,error
30003,2.94443897917
30017,1.09861228867
30065,0.69314718056
30085,1.09861228867
30087,-0.705886206337
30111,0.965080896044
56005,1.60943791243