uid,error
31069,-0.69314718056
31075,-1.11923157587
31101,0.526093095897
31111,2.07944154168
31117,1.38629436112