uid,error
31017,-1.29928298413
31041,1.79175946923
31113,-0.69314718056
31115,-3.40119738166
31171,1.06471073699