uid,error
19193,1.09861228867
27047,1.09861228867
31003,-0.69314718056
31053,1.09861228867
31089,2.02001812121
31107,0.847297860387
31109,1.09861228867
31119,2.19722457734
31139,1.94591014906
31141,1.38629436112
31179,1.60943791243
31183,1.09861228867
46003,-0.69314718056
46015,0.916290731874
46023,-1.90954250488
46035,-0.69314718056
46043,-1.09861228867
46053,0.990398704028
46067,-0.69314718056
46135,0.916290731874