uid,error
08063,1.09861228867
20039,-0.69314718056
20137,-0.69314718056
31019,1.60943791243
31031,1.09861228867
31041,-0.69314718056
31047,1.47330573811
31055,1.09861228867
31057,0.69314718056
31065,0.816761136527
31073,0.356674943939
31079,1.09861228867
31081,1.38629436112
31085,-0.69314718056
31087,-0.69314718056
31093,1.09861228867
31101,1.09861228867
31109,1.09861228867
31111,1.84957904012
31123,1.94591014906
31137,1.29928298413
31145,-1.24725331268
31159,1.09861228867
38089,1.38629436112