uid,error
31001,1.79175946923
31003,-1.09861228867
31011,-1.38629436112
31019,1.79175946923
31035,1.09861228867
31041,1.50407739678
31043,1.09861228867
31055,1.60943791243
31077,-1.01160091168
31089,-0.826678573184
31093,-0.69314718056
31109,1.94591014906
31115,1.02961941718
31119,-1.09861228867
31137,1.09861228867
31149,0.405465108108
31153,1.38629436112
31157,1.09861228867
31163,-0.69314718056
31175,0.156160730755
31183,-1.57239664075
46023,1.09861228867