uid,error
30043,1.09861228867
31005,-1.22377543162
31013,1.60943791243
31031,2.94443897917
31055,1.09861228867
31069,-2.30258509299
31091,-1.09861228867
31101,-0.916290731874
31117,-0.69314718056
31161,1.38629436112
46103,1.09861228867