uid,error
19193,1.09861228867
31001,1.09861228867
31003,-0.69314718056
31011,1.00144854021
31055,1.79175946923
31067,1.60943791243
31079,1.98591548367
31093,-0.60613580357
31109,1.94591014906
31111,1.09861228867
31121,0.251314428281
31125,-1.2527629685
31163,0.223143551314
31175,-1.15098027419
31177,1.60943791243
31183,1.64865862559
31185,0.69314718056