uid,error
19155,1.94591014906
20137,-0.69314718056
31001,-0.69314718056
31019,1.38629436112
31029,1.09861228867
31047,2.0541237337
31055,1.09861228867
31063,1.46633706879
31065,0.724895878875
31079,-0.69314718056
31083,-1.09861228867
31099,1.09861228867
31111,0.980829253012
31131,1.09861228867
31137,-1.59813835718
31145,-1.79175946923
48453,1.09861228867