uid,error
20131,2.19722457734
29021,1.38629436112
29087,1.09861228867
31019,1.38629436112
31025,0.916290731874
31033,1.09861228867
31047,1.09861228867
31055,2.60268968544
31067,1.18958406687
31093,1.60943791243
31109,1.76814960359
31111,1.09861228867
31127,0.902238978419
31131,-0.877797027113
31133,-2.46527067527
31147,-0.182321556794
31151,2.30258509299
31153,-0.405465108108
31155,2.30258509299
48439,1.09861228867