uid,error
08001,0.69314718056
08045,1.09861228867
08069,2.19722457734
08075,-0.559615787935
08123,-1.60943791243
17031,2.19722457734
31007,-1.49392502531
31033,-0.167615409404
31067,1.60943791243
31109,2.19722457734
31157,-1.75785791755
31165,2.3978952728
46103,1.79175946923
56001,1.79175946923
56021,1.97408102602
56037,2.07944154168