uid,error
31015,0.405465108108
31017,2.26868354132
31031,2.99573227355
31041,1.09861228867
31089,0.69314718056
31109,1.09861228867
31111,1.38629436112
31149,2.60268968544
46023,-0.69314718056
46053,-2.24070968928
46095,0.69314718056
46121,0.287682072452
46123,0.310154928304