uid,error
31009,0.133531392625
31041,1.94591014906
31047,0.405465108108
31079,0.69314718056
31111,0.847297860387
31117,-1.6582280766
31131,1.60943791243
31141,1.09861228867
31171,-1.72551008369