uid,error
31005,-1.38629436112
31091,-2.75153531304
31101,-1.60943791243
31109,1.09861228867
31111,2.83321334406
31113,-1.46633706879
31151,1.09861228867
31171,-0.510825623766