uid,error
20135,1.09861228867
31009,-3.78418963392
31031,1.38629436112
31041,1.75785791755
31071,0.295464212894
31079,1.60943791243
31089,-0.69314718056
31109,1.09861228867
31149,-0.405465108108
31153,1.38629436112
31175,-0.241162056817