uid,error
08001,-0.69314718056
08031,1.38629436112
08035,1.79175946923
08075,-1.09861228867
08095,0.826678573184
08115,-0.980829253012
08123,-0.69314718056
08125,-0.69314718056
31029,-0.958254930973
31033,-0.69314718056
31037,1.09861228867
31047,0.405465108108
31049,0.875468737354
31057,-1.09861228867
31063,-0.69314718056
31079,1.38629436112
31087,-0.69314718056
31097,1.38629436112
31099,1.09861228867
31101,0.47584590487
31111,1.05860695405
31145,0.69314718056
31151,0.69314718056