uid,error
31009,1.79175946923
31015,0.916290731874
31017,-0.364222149574
31031,1.60943791243
31041,-0.69314718056
31055,1.79175946923
31071,2.19722457734
31079,0.69314718056
31089,-0.164303051291
31103,-0.69314718056
31109,1.60943791243
31111,1.09861228867
31115,-0.69314718056
31119,1.09861228867
31141,1.38629436112
31175,-0.69314718056
32003,1.09861228867
46023,-0.69314718056
46053,-1.09861228867
46123,-0.69314718056