uid,error
12057,1.09861228867
12095,1.09861228867
31013,-0.233614851182
31045,-1.42969367665
31055,1.09861228867
31123,1.09861228867
31157,3.23587340124
31161,1.09861228867
46047,-0.69314718056
56007,1.09861228867
56015,1.17865499634
56021,0.405465108108
56027,1.79175946923