uid,error
08031,1.09861228867
20167,0.69314718056
25025,1.09861228867
31001,0.510825623766
31019,1.11600403138
31041,2.3978952728
31055,-0.69314718056
31071,1.38629436112
31077,1.09861228867
31079,2.12525107771
31093,-1.10809103262
31099,-0.69314718056
31109,1.09861228867
31111,1.94591014906
31119,0.69314718056
31121,1.70474809224
31137,0.405465108108
31141,-0.69314718056
31175,-2.73930274461
48439,1.38629436112