uid,error
31003,2.07944154168
31011,-0.336472236621
31019,1.09861228867
31025,1.09861228867
31071,-2.83321334406
31077,0.379489621705
31089,2.1400661635
31119,-0.69314718056
31141,1.79175946923
31175,0.405465108108