uid,error
06027,1.60943791243
06029,1.09861228867
06037,1.79175946923
06039,-0.69314718056
06051,-0.69314718056
23009,1.94591014906
32003,2.7080502011
32017,1.38629436112
32019,0.69314718056
32021,2.19722457734
32023,-0.489548225319
39023,1.09861228867