uid,error
06073,1.38629436112
06081,1.09861228867
32001,0.69314718056
32005,1.09861228867
32007,1.98591548367
32015,-1.8718021769
32023,1.38629436112
32033,-0.60613580357
49035,1.79175946923