uid,error
06037,1.94591014906
32003,3.34990408727
32023,1.60943791243
32033,2.19722457734
49021,-1.09861228867
49035,1.09861228867
49053,-2.40486394211