uid,error
06017,-0.69314718056
06019,-0.69314718056
06039,-0.69314718056
06051,-3.3081069586
06061,-0.69314718056
06109,-1.09861228867
23021,2.7080502011
32001,3.28341434601
32003,1.79175946923
32005,-2.30258509299
32013,1.38629436112
32019,0.170625517031
32023,2.80336038091
32031,3.63758615973
32510,-0.287682072452