uid,error
06017,-0.69314718056
06035,-0.69314718056
06057,-0.69314718056
06061,-0.69314718056
06067,-0.69314718056
06089,2.48490664979
06099,2.8903717579
16001,2.07944154168
30095,1.60943791243
32001,-3.16258390858
32005,-0.69314718056
32007,2.94443897917
32011,1.60943791243
32013,2.18451792607
32019,2.30258509299
32031,-0.339215722567
32510,-0.69314718056
36027,2.3978952728
36119,2.3978952728
37027,2.30258509299
45045,1.79175946923