uid,error
04001,4.43081679884
04007,1.60943791243
04009,-0.69314718056
04011,-2.81839825827
04013,2.56494935746
04017,2.30258509299
04019,1.94591014906
04025,1.38629436112
06059,1.38629436112
35001,2.52572864431
35006,-2.53897387106
35017,0.441832752279
35023,1.38629436112
35029,1.38629436112
35031,-0.69314718056
35037,1.09861228867
35043,1.60943791243
35051,0.69314718056
35053,0.980829253012
35061,-1.38629436112