uid,error
04019,1.38629436112
35005,1.54044504095
35009,1.1451323043
35013,2.07944154168
35019,-0.793951879682
35025,1.09861228867
35037,1.79175946923
35041,-0.773189888233
35057,1.09861228867
48303,0.69314718056
48375,1.94591014906
48465,1.38629436112