uid,error
25017,2.48490664979
35001,2.60268968544
35009,-0.69314718056
35011,-4.00733318523
35015,1.09861228867
35017,1.38629436112
35027,1.09861228867
35033,-0.69314718056
35037,1.79175946923
35047,-0.332133835023
35049,-0.980829253012
35057,1.58412010445