uid,error
04013,1.38629436112
04019,1.09861228867
08041,-0.69314718056
08067,1.79175946923
11001,1.79175946923
32023,2.07944154168
35001,0.723918839227
35039,2.79728133483
35043,-1.22377543162
35049,-0.508613233483
35061,-0.69314718056
48029,2.83321334406
53005,2.19722457734