uid,error
04003,-2.46449777816
04009,0.980829253012
04011,4.53796143629
04013,1.8718021769
04019,1.79175946923
04021,2.48490664979
04023,-0.69314718056
06029,2.19722457734
06037,2.8903717579
06111,1.09861228867
08105,1.38629436112
35001,1.94591014906
35013,1.04145387483
35017,2.45100509811
35029,1.60943791243
35035,1.09861228867
35051,2.07944154168
40109,1.60943791243
48141,0.69314718056
49035,1.60943791243