uid,error
08005,1.09861228867
08049,1.38629436112
35007,2.48490664979
35033,2.07944154168
35037,0.510825623766
35047,1.09861228867
35059,-1.76766191765
48277,1.09861228867