uid,error
04013,-0.69314718056
04019,-0.69314718056
06001,2.07944154168
06073,1.38629436112
32007,3.04452243772
35001,0.813775168349
35003,1.94591014906
35005,0.69314718056
35006,-0.69314718056
35011,2.7080502011
35013,1.94591014906
35027,2.30258509299
35031,1.2527629685
35035,1.70474809224
35043,1.94591014906
35049,2.73002910782
35051,-0.971860583029
35057,1.38629436112
35061,-0.577089175519
48141,-1.79175946923
48201,2.19722457734
49001,2.8903717579
49035,1.38629436112