uid,error
08009,-1.09861228867
08071,-0.223143551314
08089,-1.38629436112
08101,-0.69314718056
35001,2.19722457734
35007,0.269663566949
35021,-1.77070606003
35033,-1.09861228867
35037,0.810930216216
35041,2.48490664979
35045,1.09861228867
35047,-1.09861228867
40025,-1.23214368129
40139,-0.69314718056
48111,0.146603474192
48201,1.60943791243
48205,1.6582280766
48341,-1.09861228867
48359,-0.69314718056
48375,-1.38629436112
48421,-0.69314718056