uid,error
37015,2.48490664979
37041,1.6582280766
37053,0.365799851716
37055,4.53259949315
37073,-1.09861228867
37095,2.48490664979
37139,-0.432989781498
37147,-0.69314718056
37183,1.94591014906
37187,3.25809653802
51087,-0.69314718056
51550,0.10064352578
51650,-0.69314718056
51700,1.70474809224
51710,4.02177386939
51740,3.62877553004
51800,1.38629436112
51810,1.10836846361
51830,2.3978952728