uid,error
37013,2.22707754049
37031,-1.79175946923
37041,-0.69314718056
37049,-1.38629436112
37053,2.99573227355
37055,-0.728238500371
37091,2.07944154168
37133,1.94591014906
37137,-2.3978952728
37139,1.2527629685
37143,-0.69314718056
37147,-0.69314718056
37177,0.287682072452
37187,-1.94591014906
39035,2.19722457734
51093,1.79175946923
51550,-0.69314718056
51680,1.94591014906