uid,error
09005,1.60943791243
36093,1.79175946923
37013,1.01160091168
37015,-1.09861228867
37029,-0.69314718056
37041,1.91692261218
37049,1.60943791243
37051,1.38629436112
37053,-1.38629436112
37055,3.05906814873
37073,-0.69314718056
37095,3.62434093298
37127,1.94591014906
37139,-0.575364144904
37143,-2.63905732962
37183,1.09861228867
37187,-1.14482513182
51550,-1.79175946923
51630,1.94591014906
51710,1.60943791243
51800,-0.69314718056
51810,-1.09861228867