uid,error
18157,1.38629436112
30025,1.38629436112
38015,1.79175946923
38025,2.48490664979
38033,-1.65068087097
38053,-0.69314718056
38057,1.38629436112
38087,1.38629436112
38089,0.5904930265
38101,1.79175946923
56005,1.38629436112
56025,1.60943791243