uid,error
08069,1.79175946923
38011,1.20397280433
38015,-0.69314718056
38037,-0.619039208406
38041,-1.69866904616
38059,-0.287682072452
38085,0.405465108108
38089,-1.28093384546
38093,1.38629436112
46015,1.60943791243
46031,-0.69314718056
46063,1.38629436112
46093,-0.69314718056
46105,0.984853403311
56013,1.79175946923