uid,error
04013,1.09861228867
27119,-0.69314718056
30063,1.38629436112
38001,1.60943791243
38005,-1.09861228867
38015,1.09861228867
38017,1.2527629685
38035,-1.20397280433
38063,-1.09861228867
38067,1.84305276362
38069,1.60943791243
38071,-1.15449274706
38079,0.133531392625
38095,-1.45528723261
38097,1.94591014906
38099,0.653926467407
46099,2.48490664979