uid,error
04023,1.09861228867
30085,1.38629436112
38009,1.60943791243
38015,1.79175946923
38017,1.09861228867
38023,1.35454566281
38049,1.60943791243
38053,1.09861228867
38061,-1.59263079412
38067,1.09861228867
38075,-3.66356164613
38089,1.09861228867
38101,2.16332302566
38105,0.897941593206
39029,0.69314718056
56037,2.07944154168