uid,error
27003,1.60943791243
27053,1.09861228867
27133,1.09861228867
29189,1.09861228867
38015,0.661398482245
38021,1.38629436112
38043,1.38629436112
38047,-0.741937344729
38051,0.223143551314
38055,1.09861228867
38059,1.29928298413
38085,-3.04452243772
38093,0.69314718056
46013,-0.69314718056
46021,-0.725937003383