uid,error
26125,1.09861228867
27027,-0.69314718056
27111,1.60943791243
27173,1.94591014906
38003,-1.60943791243
38015,0.69314718056
38045,-0.730887508543
38047,-0.69314718056
38051,1.67397643357
38073,1.44691898294
38077,-1.09861228867
38081,3.25809653802
38089,1.79175946923
38093,-0.69314718056
46011,1.79175946923
46013,-0.673729094703
46037,-0.69314718056
46045,-1.09861228867
46089,1.6582280766
46091,1.46633706879
46109,0.69314718056
46115,-0.69314718056
55083,1.09861228867