uid,error
19095,1.38629436112
30083,1.09861228867
38007,1.2527629685
38015,1.54044504095
38017,2.77258872224
38033,-0.69314718056
38041,0.405465108108
38053,2.30258509299
38055,-2.07944154168
38057,1.23474446299
38059,-2.07944154168
38061,1.09861228867
38065,-0.69314718056
38089,-0.393343747576
38101,-2.07944154168
38105,-0.69314718056
46103,1.60943791243