uid,error
27009,1.09861228867
27027,0.69314718056
38003,0.496436886314
38017,1.99243016469
38021,1.38629436112
38027,-1.94591014906
38031,-1.09861228867
38063,0.988611393454
38067,1.09861228867
38071,1.38629436112
38091,-1.04596855518
38093,1.05605267425
38101,1.09861228867