uid,error
38001,0.405465108108
38015,2.60268968544
38017,1.60943791243
38035,1.09861228867
38041,1.38629436112
38057,1.38629436112
38059,-0.959775843814
38065,-0.69314718056
38085,1.17865499634
38093,1.09861228867
38101,-0.69314718056
46015,1.09861228867
46031,1.09861228867
46105,3.295836866
46129,1.79175946923
51810,1.09861228867