uid,error
27111,1.79175946923
38003,0.336472236621
38005,-0.287682072452
38015,-1.09861228867
38017,-0.69314718056
38027,-0.0202027073175
38035,0.405465108108
38039,-0.494696241836
38043,-0.69314718056
38045,-0.69314718056
38071,0.287682072452
38081,1.09861228867
38091,-0.69314718056
38093,0.11122563511
38101,1.38629436112
38103,0.587786664902