uid,error
27005,1.38629436112
27027,1.38629436112
27041,0.69314718056
27053,0.69314718056
27119,1.38629436112
27169,1.60943791243
38015,-0.838654764231
38017,0.405465108108
38031,2.30258509299
38035,1.09861228867
38037,1.38629436112
38039,1.60943791243
38047,1.94591014906
38059,1.94591014906
38083,1.09861228867
38085,1.09861228867
38093,2.92673940207
38103,1.60943791243