uid,error
38003,0.69314718056
38017,0.916290731874
38021,-0.69314718056
38029,0.105360515658
38035,1.38629436112
38043,-0.579818495253
38045,1.70474809224
38051,-0.410148957421
38081,1.09861228867
38085,1.38629436112
38089,1.09861228867
38093,0.619039208406
38101,1.09861228867
46013,-0.69314718056
46089,-0.69314718056
46103,1.09861228867
48039,1.79175946923