uid,error
27111,1.09861228867
27123,1.09861228867
30085,1.09861228867
38001,-1.28334639187
38011,0.69314718056
38015,0.69314718056
38037,1.67397643357
38057,-0.69314718056
38059,-1.79175946923
38087,1.09861228867
38089,0.410148957421
46021,0.69314718056
46099,0.69314718056
46105,1.60943791243
49035,1.38629436112