uid,error
17031,1.38629436112
27053,1.09861228867
38015,2.44234703537
38017,0.69314718056
38055,1.92181259748
38057,-0.914714687419
38059,0.354821375289
38089,1.2527629685
38101,-0.69314718056