uid,error
27053,1.09861228867
27109,1.09861228867
27119,1.38629436112
38003,0.405465108108
38005,1.94591014906
38009,2.3978952728
38015,1.09861228867
38017,0.810930216216
38019,1.09861228867
38027,0.405465108108
38031,-0.69314718056
38035,1.14072377402
38039,-3.03254624668
38051,1.09861228867
38067,-0.69314718056
38071,-0.451007128555
38091,1.09861228867
38093,-0.69314718056
38097,2.01490302054
38099,1.67397643357
38101,1.38629436112
41021,1.09861228867
46023,2.56494935746