uid,error
38005,-1.6458055566
38009,0.470003629246
38015,0.847297860387
38027,-0.69314718056
38035,-0.69314718056
38049,0.630626823579
38055,-0.69314718056
38071,1.67397643357
38079,0.405465108108
38083,-0.69314718056
38095,1.55814461805
38101,-2.19722457734
38103,2.15176220326