uid,error
04013,1.09861228867
20045,1.09861228867
38015,1.13943428319
38017,1.60943791243
38029,-2.56494935746
38037,-0.0645385211376
38057,1.09861228867
38059,-1.0498221245
38089,1.09861228867
46031,-0.405465108108
46081,1.09861228867
46099,1.09861228867
46103,1.09861228867
46105,2.7080502011
46117,0.69314718056