uid,error
19187,1.60943791243
27027,-0.69314718056
27053,1.09861228867
27111,0.405465108108
27119,1.09861228867
27167,0.405465108108
38003,2.19722457734
38015,1.60943791243
38017,0.405465108108
38021,2.33939906612
38045,-0.287682072452
38073,-0.613104472886
38077,0.267314769627
38083,1.09861228867
38089,0.69314718056
46013,-0.485507815782
46037,0.405465108108
46091,-0.198450938724
46109,-0.916290731874
55035,1.09861228867