uid,error
08041,1.09861228867
38005,1.09861228867
38015,-1.29928298413
38021,1.09861228867
38031,2.19722457734
38049,2.48490664979
38055,3.17805383035
38059,1.09861228867
38061,1.09861228867
38069,1.60943791243
38101,1.8718021769
38103,-0.483174092435