uid,error
30025,1.01160091168
38001,1.09861228867
38007,-1.09861228867
38011,-0.447014111021
38025,1.09861228867
38033,-0.470003629246
38041,2.56494935746
38089,0.762140052047
46063,1.38629436112
56021,1.60943791243