uid,error
05031,1.09861228867
12123,1.09861228867
27123,1.60943791243
27135,1.09861228867
38005,0.916290731874
38009,-0.69314718056
38019,0.641853886172
38027,-0.69314718056
38035,0.916290731874
38049,-1.09861228867
38063,-0.69314718056
38067,0.405465108108
38069,0.980829253012
38071,1.52242653544
38077,1.09861228867
38079,-0.523248143765
38081,1.09861228867
38099,0.287682072452
38101,-0.69314718056