uid,error
08009,-0.893817876022
08099,0.405465108108
08123,1.60943791243
20129,0.619039208406
20187,-0.69314718056
20189,0.405465108108
35037,1.09861228867
35059,2.07944154168
40071,1.79175946923
40139,1.78128816936
48111,-1.57169758445
48141,0.69314718056
48195,-0.69314718056
48205,1.70474809224
48233,0.405465108108
48303,1.79175946923
48341,-1.38629436112
48375,-0.69314718056
48421,-0.251314428281