uid,error
40027,1.79175946923
40031,-1.09861228867
40051,1.60943791243
40055,-1.9577446067
40065,1.77601111226
40075,1.2527629685
40141,-0.69314718056
40149,-0.69314718056
48023,1.60943791243
48075,-1.17272026082
48087,1.60943791243
48113,1.79175946923
48179,-0.69314718056
48191,-0.69314718056
48197,-1.09861228867
48483,-0.69314718056
48485,-0.69314718056
48487,-0.69314718056