uid,error
12071,1.79175946923
20173,-0.69314718056
29021,1.09861228867
31001,1.09861228867
40005,1.09861228867
40011,2.7080502011
40017,-0.69314718056
40019,1.38629436112
40021,1.60943791243
40023,1.09861228867
40027,1.79175946923
40037,-2.19722457734
40047,0.764098916532
40071,1.13140211149
40081,0.916290731874
40109,1.40464349979
40117,0.78275933925
40119,-0.364611037118
40129,2.19722457734
40131,1.79175946923
40135,2.77258872224
40143,1.02961941718