uid,error
06073,1.79175946923
06085,2.07944154168
41005,-2.06472336921
41015,1.94591014906
41031,3.04452243772
41039,-0.69314718056
41047,-1.60943791243
41051,2.30258509299
41059,2.07944154168
41065,-0.497152321866
41067,2.42036812865
53003,1.94591014906
53011,1.53147637096
53015,1.8718021769
53021,1.79175946923
53033,2.26868354132
53039,5.1239639794
53053,-1.09861228867
53059,4.26267987704
53077,-0.69314718056