uid,error
26125,1.09861228867
41017,1.09861228867
41049,-0.133531392625
41055,-2.37954613413
41059,3.09104245336
41065,0.69314718056
41067,1.60943791243
41069,2.30258509299
53005,0.287682072452
53011,1.94591014906
53033,2.07944154168
53039,-0.251314428281
53067,1.09861228867