uid,error
06049,1.20397280433
06107,2.19722457734
08097,2.30258509299
16001,1.94591014906
32031,-0.69314718056
41013,-0.69314718056
41015,1.09861228867
41017,1.54044504095
41023,2.30258509299
41025,1.60943791243
41029,-0.287682072452
41035,-1.69823341122
41039,1.60943791243
41043,1.38629436112
41047,1.38629436112
41051,2.19722457734
41059,1.09861228867
53009,2.56494935746
53011,1.60943791243
53033,2.07944154168