uid,error
41005,1.50407739678
41021,-1.73460105539
41027,0.69314718056
41049,-0.69314718056
41051,1.94591014906
41059,1.79175946923
41065,0.282048254734
53007,1.60943791243
53025,1.09861228867
53039,1.55059741241
53077,0.223143551314