uid,error
04013,1.09861228867
06059,2.07944154168
06071,1.79175946923
16001,1.60943791243
16027,1.38629436112
16069,-0.405465108108
41001,1.79175946923
41005,0.69314718056
41009,1.60943791243
41011,1.09861228867
41029,1.60943791243
41039,1.38629436112
41043,1.60943791243
41059,1.60943791243
41061,1.26851132546
48113,1.38629436112
53003,-4.67282883446
53071,0.69314718056