uid,error
24003,1.60943791243
31031,0.510825623766
31161,-1.38629436112
46055,-0.69314718056
46071,-1.80151564417
46075,-0.69314718056
46095,-0.69314718056
46103,0.430782916092
46113,0.745945366127
46121,-0.916290731874