uid,error
46003,-0.69314718056
46005,-1.09861228867
46015,-0.961411167155
46035,0.916290731874
46059,0.223143551314
46065,-0.223143551314
46069,3.02042488614
46073,-0.847297860387
46079,1.38629436112
46085,0.451985123743
46117,1.09861228867