uid,error
27053,0.69314718056
27109,1.09861228867
32003,1.09861228867
38015,0.510825623766
38017,1.38629436112
38021,-0.69314718056
38029,0.628608659422
38047,-0.69314718056
38051,-0.847297860387
38055,1.09861228867
38093,1.09861228867
46005,1.60943791243
46013,-0.405465108108
46019,1.09861228867
46031,-0.69314718056
46041,-0.69314718056
46045,-1.38629436112
46057,1.09861228867
46065,0.69314718056
46089,2.52572864431
46105,1.38629436112
46107,-1.09861228867
46129,-0.632928320567