uid,error
06037,1.09861228867
27123,2.07944154168
38001,0.69314718056
38015,-2.3978952728
38029,-2.19722457734
38037,-2.94443897917
38041,-0.69314718056
38051,-0.69314718056
38059,-2.94443897917
38085,0.0383608678724
38089,-0.69314718056
46013,-0.69314718056
46021,-1.94591014906
46041,-1.4250088733
46065,-0.69314718056
46093,-0.69314718056
46099,1.38629436112
46103,-0.69314718056
46105,2.15948424935
46107,-0.69314718056
46117,-0.69314718056
46129,1.6993861491
46137,-1.38629436112