uid,error
04013,1.60943791243
46005,0.405465108108
46011,1.09861228867
46013,1.51634748937
46017,1.79175946923
46045,-2.58399755243
46059,-1.05605267425
46065,-0.69314718056
46089,-0.69314718056
46107,0.575364144904
46115,2.00882397447
46129,-0.510825623766