uid,error
46065,2.83321334406
46071,-1.2527629685
46073,1.09861228867
46075,-1.09861228867
46081,1.38629436112
46093,-2.48490664979
46097,0.69314718056
46103,2.22462355152
46137,-1.94591014906