uid,error
30011,1.38629436112
38001,1.09861228867
38011,-0.344840486292
38087,1.09861228867
46019,-0.559615787935
46081,0.405465108108
46093,0.510825623766
46103,1.94591014906
46105,0.916290731874