uid,error
31157,1.09861228867
46005,0.916290731874
46011,1.60943791243
46017,3.09104245336
46029,0.69314718056
46035,1.09861228867
46049,1.60943791243
46059,-2.25129179861
46065,0.182321556794
46085,1.38629436112
46099,1.60943791243
46103,1.09861228867
46117,1.09861228867
46119,1.09861228867
46123,1.09861228867