uid,error
46007,-1.29198368165
46033,1.38629436112
46055,0.810930216216
46065,1.38629436112
46067,1.09861228867
46075,-1.60943791243
46085,1.09861228867
46093,-0.69314718056
46095,-1.38629436112
46103,0.897941593206
46113,0.980829253012
46121,-1.79175946923
48215,1.09861228867