uid,error
06067,1.38629436112
46053,1.09861228867
46065,1.09861228867
46071,1.09861228867
46085,1.38629436112
46095,-1.47330573811
46103,1.60943791243
46117,-1.17865499634
46123,1.09861228867