uid,error
19149,1.38629436112
46003,-2.15466496292
46005,0.910560057165
46015,1.32175583998
46017,-0.510825623766
46023,0.405465108108
46035,1.42138568093
46043,0.405465108108
46059,0.916290731874
46065,0.405465108108
46077,-0.69314718056
46079,1.09861228867
46085,1.38629436112
46099,0.405465108108
46111,0.587786664902
46115,-0.69314718056
46123,1.94591014906