uid,error
31031,1.50407739678
46007,0.287682072452
46015,-0.69314718056
46053,-0.69314718056
46055,1.60943791243
46065,-0.510825623766
46071,0.223143551314
46075,-1.58412010445
46083,0.69314718056
46085,-0.287682072452
46099,1.79175946923
46103,0.847297860387
46113,-0.69314718056
46117,-0.69314718056
46121,0.207014169384
46123,0.99325177301
53053,1.09861228867
56005,0.69314718056