uid,error
18067,1.09861228867
27053,1.09861228867
27133,1.09861228867
31055,0.69314718056
42003,1.09861228867
46005,-0.916290731874
46011,2.30258509299
46029,1.09861228867
46035,1.43074612369
46067,1.38629436112
46073,1.38629436112
46077,0.619039208406
46079,0.147053417956
46083,2.19722457734
46087,1.31218638897
46099,1.28785428831
46101,0.405465108108
46111,-2.74441784527