uid,error
27011,-0.69314718056
27015,1.38629436112
27027,-0.69314718056
27053,1.09861228867
27149,-0.69314718056
27155,1.09861228867
38017,-1.38629436112
38021,0.916290731874
38073,1.38629436112
38077,0.887303195001
38081,-1.65225790962
46013,0.449525097902
46029,1.17865499634
46037,-0.0277795641071
46051,0.405465108108
46099,1.60943791243
46107,1.09861228867
46109,1.08261194732
46115,0.405465108108
55073,0.69314718056