uid,error
13165,1.09861228867
30063,1.79175946923
31135,1.09861228867
38011,1.38629436112
38015,1.60943791243
38035,0.69314718056
38037,1.94591014906
38059,-0.69314718056
38089,0.69314718056
46019,-1.09861228867
46031,1.09861228867
46041,-0.69314718056
46063,-1.38629436112
46081,0.405465108108
46093,-0.405465108108
46103,0.405465108108
46137,-0.69314718056