uid,error
38015,1.38629436112
38059,1.09861228867
46013,-0.69314718056
46025,1.09861228867
46029,1.79175946923
46033,1.09861228867
46041,0.788457360364
46045,0.847297860387
46049,-0.154150679827
46059,-0.69314718056
46065,1.2527629685
46069,-1.38629436112
46085,1.38629436112
46089,0.69314718056
46095,1.38629436112
46097,1.09861228867
46103,1.38629436112
46115,-0.69314718056
46119,-0.880358722648
46129,-0.69314718056