uid,error
34013,1.09861228867
46005,-0.69314718056
46013,-0.69314718056
46017,1.60943791243
46041,-0.405465108108
46049,-0.69314718056
46059,-0.69314718056
46065,-0.252175383995
46069,1.2527629685
46083,1.09861228867
46085,-0.69314718056
46103,1.79175946923
46107,1.38629436112
46109,1.09861228867
46117,2.25129179861
46129,-0.69314718056
46137,1.09861228867