uid,error
31119,1.09861228867
38085,-0.69314718056
40015,1.38629436112
46011,1.38629436112
46031,-2.30258509299
46041,0.137358416048
46055,-2.7080502011
46065,1.38629436112
46081,1.38629436112
46093,0.351397886838
46103,-1.79175946923
46105,-1.54044504095
46107,-0.69314718056
46117,-0.69314718056
46129,0.69314718056