uid,error
13247,2.07944154168
21151,1.38629436112
47003,2.07944154168
47007,0.935159216179
47011,-0.69314718056
47015,-0.69314718056
47027,1.38629436112
47031,1.09861228867
47035,1.32175583998
47037,1.60943791243
47041,0.405465108108
47061,-0.262364264467
47065,0.949080554697
47107,-0.69314718056
47115,-0.69314718056
47121,-0.69314718056
47133,3.09104245336
47141,1.4900911548
47143,0.802346472525
47149,1.94591014906
47153,1.12393009665
47177,1.72958222428
47185,-1.09341747179