uid,error
01073,2.30258509299
08101,1.09861228867
08105,1.79175946923
13121,1.09861228867
48045,1.38629436112
48065,-2.35637526758
48087,1.79175946923
48113,2.07944154168
48129,2.7080502011
48179,2.3978952728
48189,1.09861228867
48191,1.09861228867
48219,1.09861228867
48233,1.79175946923
48303,-0.69314718056
48375,4.13676527811
48381,-0.187211542088
48437,1.8718021769
48441,1.09861228867