uid,error
31035,2.3978952728
35009,0.530628251062
35025,-0.69314718056
35041,-0.80437281567
48069,1.8458266905
48079,0.164303051291
48117,0.69314718056
48189,0.117783035656
48219,-2.03688192726
48279,-1.0078579254
48303,1.52242653544
48343,3.04452243772
48369,1.58696505658
48375,1.94591014906
48381,0.287682072452
48501,-0.69314718056