uid,error
05143,1.94591014906
06037,1.79175946923
35013,2.3978952728
40031,-0.69314718056
40065,-0.69314718056
48009,-2.81465993616
48041,1.94591014906
48101,2.19722457734
48155,2.83321334406
48197,1.79175946923
48207,3.09104245336
48275,0.277631736598
48439,2.7080502011
48447,-2.77258872224
48485,1.38629436112
48487,0.899941593873
48503,1.2527629685