uid,error
35027,1.79175946923
48105,1.38629436112
48113,1.09861228867
48115,-1.30575549864
48227,2.42774823595
48303,1.09861228867
48305,3.295836866
48335,1.38629436112
48415,2.17475172148