uid,error
28105,1.60943791243
35015,-0.69314718056
48027,1.79175946923
48103,-1.38629436112
48105,-0.69314718056
48109,2.74084002393
48135,-2.56494935746
48141,0.847297860387
48171,1.94591014906
48243,2.56494935746
48323,-0.69314718056
48329,-1.60943791243
48371,-2.1559816188
48377,0.13919713016
48381,2.19722457734
48389,-3.13549421593
48443,-1.38629436112
48451,-0.69314718056
48461,-0.69314718056
48465,-2.99573227355
48475,-0.538996500733
48495,-0.69314718056
56005,2.3978952728