uid,error
35009,0.154150679827
48017,1.94591014906
48113,1.60943791243
48117,1.48345810957
48145,1.79175946923
48153,-0.69314718056
48163,2.19722457734
48189,2.77258872224
48195,1.60943791243
48219,-0.69314718056
48279,-0.882389180198
48303,1.27296567581
48309,1.09861228867
48369,-0.601579987034
48375,2.57451880848
48381,-0.0294138852063
48437,-1.96137437475
48455,1.94591014906
48473,2.56494935746
48479,1.94591014906
48483,1.09861228867
48487,1.38629436112