uid,error
01073,0.69314718056
35015,1.09861228867
35025,2.19722457734
47043,1.09861228867
48103,1.94591014906
48105,1.38629436112
48113,1.38629436112
48121,1.09861228867
48135,1.38629436112
48203,1.38629436112
48227,1.50407739678
48245,1.94591014906
48259,1.09861228867
48303,0.916290731874
48325,1.38629436112
48329,1.94591014906
48335,-1.48807705543
48353,-1.84811240578
48371,2.19722457734
48399,3.21887582487
48431,-1.85771743702
48435,1.38629436112
48441,1.42138568093
48451,1.73573163776