uid,error
35001,1.09861228867
48081,1.38629436112
48083,0.405465108108
48121,1.09861228867
48141,0.69314718056
48307,-1.33828514193
48327,-2.90612011486
48329,1.79175946923
48399,3.55534806149
48413,1.38629436112
48441,0.405465108108
48451,0.913878185469
48461,1.09861228867
48479,1.09861228867