uid,error
47091,1.60943791243
48003,1.38629436112
48041,1.60943791243
48135,-0.232058914972
48227,2.56494935746
48329,2.63905732962
48371,1.60943791243
48389,2.63905732962
48413,2.63905732962
48451,-0.69314718056
48461,-1.00508623066
48475,2.3978952728