uid,error
48049,2.19722457734
48135,-0.69314718056
48235,-3.09104245336
48323,2.19722457734
48329,-1.09861228867
48371,4.15888308336
48383,-2.68557734525
48413,-1.09861228867
48415,2.83321334406
48435,1.28093384546
48443,-2.30258509299
48451,1.13943428319
48461,-0.117783035656
48465,-3.295836866
48491,1.94591014906