uid,error
17031,1.79175946923
18097,0.69314718056
22019,2.48490664979
29189,1.09861228867
37067,1.38629436112
48013,0.287682072452
48019,-0.69314718056
48021,1.09861228867
48025,1.09861228867
48029,1.34707364797
48123,2.77258872224
48131,-0.69314718056
48163,0.567984037606
48209,2.19722457734
48283,2.19722457734
48303,2.56494935746
48309,2.99573227355
48323,-1.42003250075
48355,1.09861228867
48453,3.21887582487
48463,2.45673577282
48465,1.60943791243
48479,0.712565266417
48507,-0.579202921211