uid,error
08031,1.09861228867
41067,2.07944154168
48029,1.79175946923
48201,1.09861228867
48265,1.79175946923
48267,0.69314718056
48271,-1.46633706879
48385,-0.666944808166
48413,1.09861228867
48435,-0.7503055944
48451,2.3978952728
48463,1.46633706879
48477,1.79175946923
48479,1.60943791243
48491,0.69314718056
48507,2.07944154168