uid,error
01073,1.79175946923
31153,1.79175946923
48025,2.48490664979
48041,2.07944154168
48045,0.916290731874
48075,2.3978952728
48107,-0.980829253012
48117,1.09861228867
48125,0.182321556794
48189,0.0282276806249
48191,1.09861228867
48219,-0.69314718056
48279,-0.69314718056
48303,0.66329421741
48341,1.09861228867
48345,-4.72738781871
48353,1.09861228867
48375,1.60943791243
48381,0.916290731874
48437,-2.7080502011
48441,-0.69314718056
48481,1.09861228867