uid,error
35015,0.69314718056
40065,-1.38629436112
48023,-0.69314718056
48049,1.38629436112
48075,-0.405465108108
48101,-0.223143551314
48113,1.09861228867
48197,-1.10583253664
48269,1.09861228867
48275,-1.60943791243
48441,2.30258509299
48451,1.09861228867
48485,-1.09861228867
48487,2.11453286149