uid,error
20175,1.09861228867
22071,0.69314718056
48049,1.09861228867
48059,1.60943791243
48113,1.79175946923
48115,1.79175946923
48227,0.510825623766
48253,1.27709506915
48257,1.09861228867
48263,-0.69314718056
48275,1.09861228867
48303,-1.09861228867
48335,1.60943791243
48353,-0.558152016022
48415,0.775590849771
48433,0.69314718056
48439,2.07944154168
48441,0.72300014371
48451,-1.09861228867