uid,error
48033,-1.38629436112
48039,1.09861228867
48107,-3.40594798442
48135,2.07944154168
48189,2.19722457734
48201,2.30258509299
48227,1.50407739678
48263,-1.60943791243
48303,1.90777727936
48305,-0.773189888233
48329,-0.69314718056
48375,1.79175946923
48415,-1.89711998489