uid,error
08099,1.09861228867
12099,1.09861228867
20175,-0.69314718056
20189,-0.69314718056
24013,1.09861228867
40007,0.847297860387
40017,1.79175946923
40139,1.95427839873
40143,1.94591014906
40153,2.30258509299
48065,-1.09861228867
48085,1.09861228867
48111,2.07944154168
48117,1.79175946923
48179,1.2527629685
48233,-1.03662061264
48295,1.79175946923
48341,-0.405465108108
48357,1.81528996664
48375,0.628608659422
48393,0.69314718056
48413,1.09861228867
48421,-2.73724935579
48471,1.60943791243