uid,error
08041,0.69314718056
31153,0.69314718056
42029,1.38629436112
48021,0.69314718056
48105,2.77258872224
48113,1.09861228867
48135,1.09861228867
48201,1.09861228867
48295,1.38629436112
48299,1.09861228867
48319,1.60943791243
48329,1.20397280433
48383,3.7135720667
48399,2.19722457734
48413,2.07944154168
48431,2.30258509299
48435,1.60943791243
48439,0.69314718056
48441,-0.69314718056
48451,-0.331263891514
56005,0.69314718056