uid,error
48249,1.79175946923
48273,2.83321334406
48355,1.94591014906
48489,-1.55814461805
48505,1.09861228867