uid,error
48075,1.38629436112
48101,3.36729582999
48125,-0.69314718056
48155,2.3978952728
48275,-2.37490575457
48433,-0.69314718056
48487,1.09861228867