uid,error
13121,1.38629436112
48019,-1.09861228867
48029,1.2527629685
48115,1.60943791243
48137,1.09861228867
48171,2.53369681396
48259,-0.69314718056
48265,-0.207639364778
48299,-0.69314718056
48307,2.01490302054
48319,-2.60268968544
48327,-1.02715332469
48385,-0.69314718056
48413,1.38629436112
48435,1.94591014906
48451,0.980829253012
48453,2.99573227355