uid,error
35015,0.69314718056
48495,-0.133531392625