uid,error
35025,1.09861228867
40009,1.79175946923
48003,1.09861228867
48107,0.69314718056
48115,-2.03828346919
48119,1.94591014906
48135,1.27296567581
48201,1.79175946923
48227,3.58351893846
48243,2.30258509299
48303,-1.09861228867
48319,1.94591014906
48329,0.863772697591
48335,1.60943791243
48383,1.38629436112
48389,1.09861228867
48441,1.09861228867
48453,0.69314718056
48461,1.38629436112
48497,1.09861228867