uid,error
48013,1.17865499634
48025,1.60943791243
48029,2.77258872224
48039,1.09861228867
48131,1.79175946923
48255,1.79175946923
48283,-1.09861228867
48297,-0.470003629246