uid,error
48049,1.09861228867
48095,0.597837000756
48113,1.60943791243
48135,1.38629436112
48139,1.38629436112
48141,1.38629436112
48265,0.69314718056
48267,-2.020945335
48307,1.08518926834
48319,1.29928298413
48329,1.38629436112
48371,1.38629436112
48385,2.07944154168
48413,-0.287682072452
48435,-0.287682072452
48439,1.09861228867
48441,1.09861228867
48443,1.38629436112
48451,0.498991166119
48453,2.30258509299