uid,error
22071,1.09861228867
35001,1.09861228867
48045,1.38629436112
48075,1.67397643357
48101,0.336472236621
48107,-0.287682072452
48113,1.79175946923
48125,2.23359222151
48153,-1.90298510434
48185,1.38629436112
48189,1.2527629685
48191,1.02961941718
48303,2.07944154168