uid,error
18097,1.09861228867
29097,1.60943791243
48105,2.19722457734
48135,-0.69314718056
48173,1.00330210886
48235,-0.0512932943876
48303,1.60943791243
48317,2.7080502011
48329,0.165514438478
48371,2.77258872224
48431,-2.07944154168
48435,2.07944154168
48451,2.03688192726
48461,-4.53259949315