uid,error
05139,1.09861228867
40045,1.09861228867
48011,1.79175946923
48179,1.27205617143
48195,1.79175946923
48211,-1.60429651293
48233,1.09861228867
48295,1.60943791243
48341,0.405465108108
48349,1.09861228867
48357,0.980829253012
48375,1.60943791243
48437,1.60943791243