uid,error
04013,1.09861228867
06071,2.48490664979
32023,1.09861228867
39113,1.09861228867
48029,1.79175946923
48049,1.09861228867
48083,1.94591014906
48103,1.09861228867
48105,3.17805383035
48141,1.09861228867
48161,1.79175946923
48167,0.69314718056
48209,1.38629436112
48235,2.30258509299
48265,-0.69314718056
48267,2.30258509299
48323,2.19722457734
48327,1.60943791243
48329,1.60943791243
48435,-0.908258560177
48441,-0.69314718056
48451,0.133531392625
48465,0.405465108108