uid,error
08001,2.07944154168
08031,1.09861228867
20055,1.38629436112
20175,0.405465108108
40025,1.38629436112
40139,2.61782510951
46099,0.69314718056
48111,1.5260563035
48113,1.94591014906
48117,1.09861228867
48195,-2.70471129984
48205,1.94591014906
48233,-0.810930216216
48341,-0.00803217169726
48357,-1.09861228867
48375,-0.117783035656
48381,0.69314718056