uid,error
40135,1.09861228867
48081,-1.8207470061
48105,1.09861228867
48121,1.79175946923
48173,-1.09861228867
48227,1.28785428831
48235,-0.69314718056
48303,0.69314718056
48329,1.09861228867
48335,-0.459532329378
48411,1.38629436112
48435,1.38629436112
48439,1.60943791243
48451,2.94443897917
48453,1.09861228867
48475,1.09861228867
56005,1.38629436112