uid,error
35001,2.19722457734
48029,1.60943791243
48105,0.587786664902
48113,1.79175946923
48135,2.94443897917
48137,-1.38629436112
48265,-0.69314718056
48267,-0.274436845702
48309,1.60943791243
48323,1.09861228867
48327,-2.07944154168
48413,-0.278203328497
48415,2.48490664979
48441,2.30258509299
48451,0.251314428281
48465,-1.56861591791