uid,error
40055,1.09861228867
48151,0.559615787935
48171,1.60943791243
48207,-0.810930216216
48253,0.530628251062
48263,-0.830348302073
48269,-0.510825623766
48275,1.09861228867
48345,1.38629436112
48353,0.405465108108
48391,1.38629436112
48415,0.405465108108
48439,1.09861228867
48441,2.25129179861
51036,1.09861228867