uid,error
20091,1.09861228867
29095,0.69314718056
48029,1.38629436112
48043,1.60943791243
48105,-4.04305126783
48113,1.38629436112
48135,1.38629436112
48147,1.09861228867
48167,0.69314718056
48271,1.38629436112
48283,0.69314718056
48323,1.38629436112
48371,0.916290731874
48451,1.38629436112
48465,1.54044504095