uid,error
08045,1.38629436112
49011,1.94591014906
49035,2.8903717579
49047,-1.71765149707
49049,1.79175946923
49057,0.69314718056
56023,1.60943791243
56037,2.77258872224
56041,-0.69314718056