uid,error
32003,2.56494935746
37107,1.38629436112
39113,1.09861228867
45079,1.09861228867
49017,1.38629436112
49021,-0.49933124434
49023,0.69314718056
49027,0.223143551314
49031,2.07944154168
49035,2.07944154168
49039,0.405465108108
49041,1.60943791243
49045,1.09861228867
49049,-1.38629436112
49053,0.287682072452
56037,0.69314718056