uid,error
04005,-0.69314718056
04015,1.38629436112
32003,2.3978952728
40101,1.09861228867
41037,1.09861228867
48121,1.09861228867
48329,1.38629436112
49001,-0.69314718056
49007,1.38629436112
49015,-0.470003629246
49021,1.88273124743
49025,-2.53369681396
49031,-0.980829253012
49035,2.3978952728
49037,2.17853244432
49039,-1.09861228867
49041,-0.80437281567
49049,2.60268968544
49053,1.17865499634
49055,-2.49869997192
56041,1.94591014906