uid,error
09009,1.38629436112
16019,2.07944154168
30111,1.09861228867
31109,1.09861228867
39085,1.09861228867
48201,1.09861228867
49003,2.19722457734
49005,-0.69314718056
49011,2.7676422983
49035,2.52208565303
49043,4.68213122712
49045,1.38629436112
49049,1.20397280433
49051,1.60943791243
49057,-0.713523220633
56007,1.38629436112