uid,error
24031,1.09861228867
37183,1.38629436112
42133,1.60943791243
51005,1.79175946923
51015,1.08401348925
51017,-0.832409247893
51059,0.69314718056
51165,2.80336038091
51660,2.48490664979
51760,1.38629436112
51790,2.19722457734
51820,2.07944154168
54071,0.559615787935
54075,-4.02535169074
54083,1.94591014906