uid,error
11001,2.30258509299
37081,1.2527629685
47113,2.3978952728
51009,1.20397280433
51019,-0.815303213539
51023,-2.3978952728
51031,2.66722820658
51041,1.94591014906
51065,2.30258509299
51067,2.26868354132
51121,-0.69314718056
51143,-1.09861228867
51161,2.92673940207
51163,-0.69314718056
51680,1.71008143821
51770,2.21784386454
51775,2.07944154168