uid,error
11001,4.87166790777
24003,-0.69314718056
24005,-0.69314718056
24017,2.7080502011
24021,2.7080502011
24027,2.30258509299
24031,3.03388403952
24033,2.63905732962
24037,1.94591014906
24510,1.79175946923
34021,2.07944154168
36061,1.79175946923
42101,1.79175946923
48201,1.94591014906
51013,-1.71639619633
51059,2.04965970987
51099,1.60943791243
51107,3.48124008934
51153,3.06805293513
51157,1.60943791243
51510,3.64283551561
51540,1.94591014906
51600,3.55534806149
53053,2.3978952728