uid,error
13245,1.60943791243
16049,1.79175946923
16057,-0.69314718056
16069,1.8458266905
41051,1.79175946923
41059,1.38629436112
53001,-0.69314718056
53003,-2.07944154168
53005,2.52572864431
53015,1.94591014906
53021,1.16315080981
53023,-2.60268968544
53033,2.8903717579
53063,-0.69314718056
53071,0.228009740965
53075,0.405465108108