uid,error
16049,1.79175946923
16057,-0.69314718056
16069,3.37872452581
18133,1.79175946923
41029,1.09861228867
41071,1.09861228867
53003,-0.0176995770994
53011,1.09861228867
53013,-2.4304184645
53015,1.79175946923
53035,1.38629436112
53053,1.09861228867
53063,1.79175946923
53071,0.69314718056
53075,-1.09861228867