uid,error
06099,1.60943791243
16027,1.38629436112
16055,0.510825623766
16069,2.30258509299
30043,1.09861228867
41019,1.79175946923
53001,-2.42679901898
53005,1.60943791243
53007,-0.69314718056
53017,2.44234703537
53019,1.79175946923
53021,0.916290731874
53025,3.71843825636
53033,2.1202635362
53037,1.09861228867
53047,2.91777073208
53051,1.09861228867
53063,0.508872498145
53065,2.86220088093
53071,-0.69314718056
53075,2.25129179861
53077,0.916290731874