uid,error
01089,1.60943791243
22015,1.60943791243
27053,2.48490664979
41005,2.12823170585
41007,2.19722457734
41009,-0.69314718056
41027,4.77631844218
41047,0.405465108108
41051,2.9519296509
41065,3.73766961828
41067,2.62103882411
41071,1.09861228867
51059,1.94591014906
53011,-0.881581565502
53015,0.496436886314
53017,2.07944154168
53033,1.99243016469
53037,1.38629436112
53039,5.32787616879
53041,-0.69314718056
53049,1.09861228867
53053,-1.09861228867
53061,2.19722457734
53077,-0.69314718056