uid,error
06041,2.56494935746
06059,2.99573227355
08031,2.19722457734
41051,3.09104245336
42043,2.30258509299
42133,1.38629436112
48201,2.07944154168
53009,-3.33220451018
53029,-2.63282677986
53031,-1.79175946923
53033,4.06044301055
53035,0.69314718056
53057,1.67397643357
53061,1.16315080981
53063,2.3978952728
53067,2.48490664979
53073,-2.07944154168