uid,error
55009,3.70130197411
55015,2.07944154168
55067,-1.38629436112
55087,0.182321556794
55099,1.38629436112
55115,-0.485507815782
55135,1.22377543162