uid,error
30111,-0.69314718056
32013,2.30258509299
48029,1.09861228867
56003,0.405465108108
56007,2.07944154168
56013,-0.323400155054
56019,-0.69314718056
56023,2.07944154168
56025,0.998528830111
56029,0.485507815782
56033,-0.69314718056
56037,-0.69314718056
56039,-0.69314718056
56043,-0.0901510969943