uid,error
08001,1.09861228867
20009,1.09861228867
29021,1.09861228867
31055,1.60943791243
31095,1.94591014906
31111,1.94591014906
31157,-0.69314718056
31165,-0.69314718056
46033,-0.69314718056
46047,-2.72457950305
55009,1.79175946923
56009,0.154150679827
56015,1.60943791243
56021,1.94591014906
56023,1.38629436112
56031,1.38629436112
56045,1.46633706879