uid,error
12115,0.69314718056
30003,-0.69314718056
30111,0.810930216216
55131,1.38629436112
56001,2.07944154168
56003,0.0940289496483
56005,0.405465108108
56007,2.19722457734
56013,-0.154150679827
56017,-0.325422400435
56019,-2.94443897917
56025,1.22377543162
56029,-1.09861228867
56031,2.07944154168
56033,-3.36729582999
56037,2.3978952728
56039,2.19722457734